{".env":[".env"],"assets/excalidraw/index.html":["assets/excalidraw/index.html"],"assets/icon/Liberaflow_logo.png":["assets/icon/Liberaflow_logo.png"],"assets/icon/Liberaflow_logo_square.png":["assets/icon/Liberaflow_logo_square.png"],"packages/cupertino_icons/assets/CupertinoIcons.ttf":["packages/cupertino_icons/assets/CupertinoIcons.ttf"],"packages/flutter_donation_buttons/assets/coffee.png":["packages/flutter_donation_buttons/assets/coffee.png"],"packages/flutter_donation_buttons/assets/coffee2.png":["packages/flutter_donation_buttons/assets/coffee2.png"],"packages/flutter_inappwebview/assets/t_rex_runner/t-rex.css":["packages/flutter_inappwebview/assets/t_rex_runner/t-rex.css"],"packages/flutter_inappwebview/assets/t_rex_runner/t-rex.html":["packages/flutter_inappwebview/assets/t_rex_runner/t-rex.html"],"packages/flutter_inappwebview_web/assets/web/web_support.js":["packages/flutter_inappwebview_web/assets/web/web_support.js"],"packages/font_awesome_flutter/lib/fonts/fa-brands-400.ttf":["packages/font_awesome_flutter/lib/fonts/fa-brands-400.ttf"],"packages/font_awesome_flutter/lib/fonts/fa-regular-400.ttf":["packages/font_awesome_flutter/lib/fonts/fa-regular-400.ttf"],"packages/font_awesome_flutter/lib/fonts/fa-solid-900.ttf":["packages/font_awesome_flutter/lib/fonts/fa-solid-900.ttf"],"packages/quill_native_bridge_linux/assets/xclip":["packages/quill_native_bridge_linux/assets/xclip"],"packages/simple_icons/fonts/SimpleIcons.ttf":["packages/simple_icons/fonts/SimpleIcons.ttf"],"packages/timezone/data/latest_all.tzf":["packages/timezone/data/latest_all.tzf"]}